,4,count
0,GAAT,152680
1,AATT,186420
2,ATTC,163078
3,TTCT,260703
4,TCTT,231728
5,CTTG,174015
6,TTGT,184141
7,TGTG,251654
8,GTGT,168286
9,TGTT,189265
10,GTTT,186030
11,TTTA,201302
12,TTAT,156954
13,TATA,136169
14,ATAT,177677
15,ATAA,167012
16,TAAT,148034
17,AATA,189411
18,TAAG,101413
19,AAGA,211598
20,AGAT,161737
21,GATG,155909
22,ATGT,165947
23,TGTC,148930
24,GTCC,112370
25,TCCT,233246
26,CCTA,101727
27,CTAT,99889
28,ATTT,269515
29,TTTC,239204
30,TCTG,246632
31,CTGT,223899
32,TTTG,267316
33,TTGG,183411
34,TGGA,234600
35,GGAA,206715
36,TAAA,211035
37,AAAA,492625
38,AAAT,265529
39,AATC,136393
40,ATCA,144194
41,TCAG,216016
42,CAGC,257181
43,AGCA,212457
44,GCAA,140411
45,CAAC,117689
46,AACT,155581
47,ACTA,97461
48,CTAA,119623
49,TATG,112950
50,TGTA,152424
51,GTAT,95110
52,TATT,185324
53,TTTT,492144
54,TTCA,208502
55,TCAA,167632
56,CAAA,231360
57,AAAG,229722
58,AAGC,146052
59,GCAT,134344
60,CATT,191857
61,ATTA,149536
62,ATAC,91855
63,TACA,147330
64,ACAG,244265
65,CAGA,256841
66,AGAG,247778
67,GAGT,152141
68,AGTG,203467
69,GTGC,143196
70,TGCT,190368
71,GCTA,94492
72,AAGT,163160
73,AGTT,152663
74,GTTA,77386
75,TTAC,101942
76,TACT,109862
77,ACTT,157293
78,CTTC,185837
79,TCAC,183326
80,CACT,203948
81,ACTG,171200
82,GTGA,193448
83,TGAA,218298
84,GAAA,253110
85,AATG,170687
86,GTAG,105245
87,TAGT,94637
88,AGTC,118224
89,GTCA,124058
90,TCAT,163992
91,CATA,116411
92,AGAA,264752
93,GAAC,118925
94,AACA,204251
95,ACAT,165569
96,CTGG,302499
97,GGAT,149095
98,GATT,138953
99,TTAA,155747
100,ATGG,174300
101,TGGG,274203
102,GGGC,178560
103,GGCT,211258
104,GCTG,246100
105,GTCT,156174
106,TCTA,123274
107,TAAC,84386
108,AAGG,180434
109,AGGT,171723
110,GGTT,126450
111,CATC,147768
112,CAGT,178429
113,AGTA,114013
114,GTAA,102486
115,TATC,95186
116,ATGC,125243
117,GCTC,158842
118,CTCC,256756
119,TCCA,203157
120,CCAG,301143
121,CAGG,311152
122,AGGC,235865
123,GGCC,189728
124,GCCA,201266
125,GGCG,67073
126,GCGT,35318
127,CGTG,59446
128,GTGG,218538
129,TGGT,171461
130,GGTG,208901
131,TGGC,198484
132,GCTT,139781
133,CTTA,101168
134,TGCC,198034
135,GCCT,238915
136,CCTG,307538
137,ATCC,133376
138,TCCC,224435
139,CCCA,277900
140,GCAC,143855
141,CTTT,252277
142,GGGA,226830
143,GGAG,262690
144,GAGG,257825
145,GGTC,111733
146,GTCG,20352
147,TCGA,29309
148,CGAA,25714
149,GAAG,190769
150,GCGG,53446
151,CGGA,37651
152,GATC,102349
153,TTGA,186006
154,TGAG,245589
155,AGGA,236284
156,GTTG,127378
157,GAGA,230929
158,AGAC,161682
159,GACT,113280
160,CTAG,98319
161,TAGC,94465
162,AGCC,214434
163,CCAA,165968
164,CATG,184816
165,ATGA,158874
166,TGAT,159712
167,AAAC,200253
168,AACC,128433
169,ACCC,148962
170,CCCC,188681
171,CCCG,70278
172,CCGT,39850
173,CGTC,34066
174,TCTC,232643
175,CTCT,239073
176,TTAG,114748
177,AGCT,195685
178,GGGT,147668
179,GGCA,196729
180,ATCT,178328
181,CTCA,254212
182,CTGA,209034
183,GCAG,242179
184,ATTG,120423
185,TTGC,135574
186,AACG,32989
187,ACGT,37672
188,GACA,162839
189,CAAG,179341
190,CACA,235367
191,ACAC,168908
192,CACC,204147
193,ACCA,169187
194,CCAC,207454
195,CCCT,203986
196,CTAC,99123
197,ACTC,156716
198,TGAC,123763
199,GAGC,167579
200,CTCG,52062
201,GGTA,76519
202,CCAT,176946
203,ACAA,171045
204,GATA,99995
205,CTGC,236038
206,TGCA,216114
207,TTCC,194981
208,CCTT,184495
209,TACC,75863
210,CCTC,253903
211,ATAG,105442
212,GACC,111441
213,CAAT,116666
214,TAGA,136589
215,TAGG,98063
216,AGGG,203602
217,GTAC,59851
218,GGAC,116866
219,ACCT,171517
220,GGGG,189181
221,GCCC,178767
222,TTCG,33811
223,TCGT,32706
224,GTTC,109881
225,ACGC,37440
226,CGCA,35489
227,ATCG,25788
228,CGTT,32298
229,AGCG,42706
230,ACGG,45975
231,TCCG,36645
232,CGTA,19736
233,GCCG,51942
234,CCGG,59534
235,CGGT,32750
236,CGGG,75253
237,TCGG,38577
238,TCGC,31420
239,CGCT,41904
240,CCGC,52362
241,CGCC,68694
242,GACG,35836
243,ACGA,27536
244,CGAG,52417
245,ACCG,30218
246,CGGC,51878
247,TGCG,35537
248,TACG,19716
249,CGAT,26652
250,CCGA,37337
251,GCGA,31686
252,CGAC,21084
253,CACG,60082
254,CGCG,19611
255,GCGC,44476
