SubType,Type,Index
CCT,C>T,602664
CCT,C>T,41369597
CCT,C>T,46450417
CCT,C>T,32198140
TCG,C>T,29493970
TCG,C>T,46956356
TTT,T>A,24853380
TTT,T>A,8526545
TTT,T>A,3185596
TTT,T>A,5162221
TTT,T>A,42189164
TTT,T>C,44344772
TCA,C>T,39121004
TCA,C>T,30187488
TCA,C>T,13604325
TCA,C>T,22067794
TCA,C>T,21962589
TCA,C>T,6033453
TCA,C>T,4436675
ATA,T>A,38946267
ATA,T>A,34202583
CTA,T>C,28686037
TTT,T>A,30722304
TTA,T>C,45864594
TCA,C>T,1962389
TCA,C>T,15501286
TCA,C>T,41548689
TCA,C>T,38568030
TCA,C>T,13087487
TCA,C>T,26411052
TCA,C>T,39151367
TTT,T>A,1450056
CCC,C>T,9607589
CCC,C>T,46761508
CCC,C>T,30673431
CCC,C>T,10165210
CCC,C>T,46054572
CCC,C>T,3918541
CCC,C>T,40603529
CCC,C>T,14327688
CCC,C>T,46415463
CCT,C>A,6733216
CCT,C>T,24465084
CCT,C>T,49222224
CCT,C>T,23461506
CCT,C>T,50262751
CCT,C>T,33825433
CCT,C>T,22058324
TCC,C>T,24854896
TCC,C>T,18838129
TCC,C>T,44956778
TCC,C>T,37568291
TCC,C>T,22085916
TCC,C>T,39962666
TCC,C>T,31373802
TCC,C>T,16113247
TCC,C>T,27022150
TCC,C>A,5645354
TCC,C>T,21302595
TCC,C>T,22118963
TCC,C>T,28158273
TCC,C>T,40009959
TCC,C>T,48753170
TCC,C>T,40040161
TCC,C>T,511464
TCC,C>T,39118727
TCC,C>T,33681487
TCC,C>T,17418046
TCC,C>T,48744561
TCC,C>T,3919701
TCC,C>T,25172560
TCC,C>T,43111919
TCC,C>T,24746272
CCC,C>T,39928947
CCC,C>T,17697299
CCC,C>T,16110999
CCC,C>T,10150668
CCC,C>T,5661581
CCC,C>T,11356867
CCC,C>T,46481469
CCC,C>T,17184037
CCC,C>T,4000553
CCC,C>T,29876136
CCC,C>T,39851276
CCC,C>T,40796939
CCC,C>T,45731635
CCC,C>T,37726267
CCC,C>T,48856082
CCC,C>T,46122524
CCC,C>T,27877985
CCC,C>T,28246120
CCC,C>T,22547873
CCC,C>T,21741108
CCC,C>T,26229701
CCC,C>T,23057249
CCC,C>T,16892415
CCC,C>T,43991401
CCC,C>T,15993215
CCC,C>T,25413625
CCC,C>T,47217665
CCC,C>T,11452206
CCC,C>T,19352544
CCC,C>T,6662273
CCC,C>T,37577642
CCC,C>T,48889578
CCC,C>T,29924391
CCC,C>T,21723396
CCC,C>T,51462474
CCC,C>T,8833402
CCA,C>T,48019028
CCA,C>T,19578013
CCA,C>T,33466709
GCC,C>T,40646877
CCC,C>T,35785929
CCC,C>T,17444323
CCC,C>T,14372312
CCC,C>T,21841834
CCC,C>T,16771385
CCC,C>T,24252992
CCC,C>T,25752986
CCC,C>T,25450786
CCC,C>T,50736178
CCC,C>T,30380603
CCC,C>T,29196467
CCC,C>T,51030032
CCC,C>T,30442981
CCC,C>T,19676746
CCC,C>T,24966683
CCT,C>T,40772014
TCA,C>T,42285630
TCA,C>T,11327796
TCA,C>T,42542624
TCA,C>T,11431335
TCA,C>T,48489429
TCA,C>T,26782279
TCA,C>T,43714177
TCC,C>T,41368977
TCC,C>T,52386588
TCC,C>T,41683529
TCC,C>T,45893426
TCC,C>T,49198675
TCC,C>T,43922530
TCC,C>T,32456670
TCC,C>T,27988782
TCC,C>T,50155383
TCC,C>T,7495461
TCC,C>T,26932477
TCC,C>T,17770118
TCC,C>T,30862372
TCC,C>T,16903857
TCC,C>T,41939514
TCC,C>T,40242004
TCC,C>T,44629991
TCC,C>T,44519623
TCC,C>T,17774582
CCC,C>T,5658320
CCC,C>T,49543564
CCC,C>T,6064834
CCC,C>T,49041233
CCC,C>T,10499226
CCC,C>T,31381447
CCC,C>T,41450787
CCC,C>T,24801740
CCG,C>T,46048149
CCG,C>T,3344467
CCG,C>T,12185640
TTA,T>C,33769635
ACC,C>T,26120341
ACC,C>T,20981615
ACC,C>T,17040194
CCA,C>T,43967015
CCA,C>T,29333807
CCA,C>T,40756720
CCA,C>T,42998746
TCT,C>T,40663239
TCT,C>T,14049160
TCT,C>T,9407609
TCT,C>T,36219088
TCT,C>T,29271063
TCT,C>T,23185239
TCT,C>T,47244562
TCT,C>T,21538512
ACT,C>T,6390247
CTC,T>G,7392454
TCA,C>T,37631370
TCA,C>T,11168535
TCA,C>T,6261244
TCA,C>T,35694742
TCA,C>T,47818815
TCA,C>T,44578899
TCA,C>T,33305555
TCA,C>T,19135118
TCA,C>T,20722577
TCA,C>T,31551331
TCA,C>T,41529451
TCA,C>A,44354270
TCA,C>T,45620803
GCT,C>T,16509869
GCT,C>T,36810004
TCC,C>T,29696573
TCC,C>T,19592478
TCC,C>T,26271433
TCC,C>T,5501830
TCC,C>T,18634766
TCC,C>T,34315337
TCC,C>T,7143824
TCC,C>T,42504786
TCC,C>T,9654583
TCC,C>T,30855200
TCC,C>T,30577025
TCC,C>T,9493409
TCC,C>T,39245512
ACT,C>T,27817722
TCC,C>T,6651769
TCC,C>T,12097911
TCC,C>T,40263222
TCC,C>T,30120057
TCC,C>T,38605148
TCC,C>T,46535473
TCC,C>T,38713902
TCC,C>T,23714011
TCC,C>T,13900575
TCC,C>T,32588227
CCT,C>T,2370642
CCT,C>T,13993698
CCT,C>T,37009065
CCT,C>T,43785856
CTG,T>A,37683224
GCT,C>T,23177643
CTT,T>C,50836663
TTG,T>C,25734555
GCT,C>T,15955958
GTT,T>C,6922688
GTT,T>C,25677484
TTC,T>C,14276731
TCT,C>T,22973550
TCT,C>T,6565920
TCT,C>T,50878172
GCT,C>T,49103833
TCT,C>T,1101458
TCT,C>T,40341795
TCT,C>T,14697379
TCT,C>T,2736822
TCT,C>T,50513192
TCT,C>T,42724667
TCT,C>T,45908557
GTT,T>C,46306269
TTC,T>C,38101088
TCA,C>T,30563246
TCA,C>T,214815
TCA,C>T,15224517
TCA,C>T,37583939
TCA,C>T,12107830
TCA,C>T,16134036
TCA,C>T,30067236
TCA,C>T,51256662
TCA,C>T,16525627
TCA,C>T,51332396
TCA,C>T,46492513
TCA,C>T,10707224
TCA,C>T,10865963
CCA,C>T,13329094
CCA,C>T,52516349
CCA,C>T,17443191
CCA,C>A,14563369
CCA,C>T,22606650
CCA,C>T,18135311
TTC,T>G,21661898
TCC,C>T,45992580
TCC,C>T,22786640
TCC,C>T,23685297
TCC,C>T,233484
TCC,C>T,18362366
TCC,C>T,11589732
TCC,C>T,40928192
TCC,C>T,42924444
TCC,C>T,11619963
TCC,C>T,38615847
TCC,C>T,33893716
TCC,C>T,19780568
TCC,C>T,19920306
CCT,C>T,43944076
TCA,C>T,7457040
TCA,C>T,18791017
TCT,C>T,20473004
TCT,C>T,37767153
GCC,C>T,9942352
TCA,C>T,9350873
TCA,C>T,49955121
TCA,C>T,35636099
TCA,C>T,8081193
TCA,C>T,15479694
TCA,C>T,2668957
TCA,C>T,6312646
TCA,C>T,46136316
TCA,C>T,47533833
TCA,C>T,2351665
TCA,C>T,43471587
TCA,C>T,28427471
TCA,C>T,24682045
ACT,C>T,50738007
ACT,C>T,29228213
ACT,C>T,28686891
ACT,C>T,31211079
GCC,C>T,39967216
GCC,C>T,29464982
CCA,C>T,50203688
CCA,C>T,9291882
CCA,C>T,20896006
CCA,C>T,22626514
ATA,T>A,48786545
TCT,C>T,28983240
TCT,C>T,4505190
TCT,C>T,38137660
ATT,T>A,44348422
ATT,T>C,32602565
TTC,T>A,5103073
TCT,C>T,42315248
TCT,C>T,11155794
ATA,T>C,14506857
TTT,T>C,33035788
GCC,C>T,12319556
GCC,C>T,48740864
CCT,C>T,48439587
CCT,C>T,13623662
CCT,C>T,6169651
CCT,C>T,6742285
CCT,C>T,11487315
TCA,C>T,18472704
TCA,C>T,36050563
TCA,C>T,3983232
TCA,C>T,42262980
TCA,C>T,36635878
TCA,C>T,39591584
TCA,C>T,7008175
GCT,C>T,24732101
TTT,T>C,8965001
TTA,T>C,51162959
ATT,T>A,29004643
GCT,C>T,1053626
TCT,C>T,24729662
TCT,C>T,50683477
TCT,C>T,24038206
TCT,C>T,46336715
TCT,C>T,30188000
TCT,C>T,10644127
TCT,C>T,8009502
TCT,C>T,9831489
TCT,C>T,19704370
TCT,C>T,1062815
TCT,C>T,40247084
TCT,C>T,45296496
TCT,C>T,25582758
TCT,C>T,8447492
CTT,T>C,1976020
TCA,C>T,8504283
TCA,C>T,5121904
TCA,C>T,39664861
TCA,C>T,30480847
TCA,C>T,8392814
TCA,C>T,33382175
TCA,C>T,23540832
TTC,T>C,51505776
TCT,C>T,49954316
TCT,C>T,19932721
TCT,C>T,14807128
TCT,C>T,2143835
TCT,C>T,34726252
TCT,C>T,16998101
TCT,C>T,42483951
ATT,T>G,22494803
ATT,T>A,47592522
ATG,T>C,37362271
TTT,T>G,9262681
TTT,T>A,20152778
TTT,T>C,32262173
TTT,T>A,31954259
TTT,T>C,19179809
TTT,T>A,21367861
GTG,T>C,32984706
GTT,T>C,4146711
TTA,T>C,26105119
TCT,C>T,26754278
TCT,C>T,45039219
TCT,C>T,37712507
TCT,C>G,11441642
TCT,C>T,28165744
TCT,C>T,14747239
TCT,C>T,25444977
TCT,C>T,20956445
TCT,C>T,11113799
TCT,C>T,44083998
TCT,C>T,22902534
TCT,C>A,6751542
TCT,C>T,2102885
TCT,C>T,47880534
TCT,C>T,7439475
TCT,C>T,44390950
TTT,T>A,9248876
TTT,T>A,23453122
ATA,T>G,4309538
ATT,T>A,15538664
TCC,C>T,48881863
TCC,C>T,16095126
TCC,C>T,3952685
TCC,C>T,52123502
TCC,C>T,5954062
TCC,C>T,48797526
TCC,C>T,51257623
TCC,C>T,25573037
TCC,C>T,5267744
TCC,C>T,24225613
TCC,C>T,12126274
TCC,C>T,46975694
TCC,C>T,40884916
TCC,C>T,19927414
TCC,C>T,20519206
TCC,C>T,21217647
TCC,C>T,41916459
CCT,C>T,15812870
CCT,C>T,1245442
TCT,C>T,39348939
TCT,C>T,12225886
TTT,T>A,6721819
TCT,C>T,28260217
TCT,C>T,33899729
TTT,T>A,35886604
ATG,T>A,13353749
ATG,T>C,18177102
ATT,T>A,44639591
ATT,T>C,40957591
ATT,T>A,24322331
GCT,C>T,22737207
GCT,C>T,37545778
GCT,C>T,5639337
GCT,C>T,47536395
GCT,C>T,46545707
GCC,C>T,37067616
GCC,C>T,24836210
CCC,C>T,49488543
CCC,C>T,50206729
CCC,C>T,31333909
CCC,C>T,45019525
CCC,C>T,45246523
CCC,C>T,30479851
CCC,C>T,5962515
CCA,C>T,8171914
CCA,C>T,13488569
CCA,C>T,35745416
CCA,C>T,41664918
CCA,C>T,12777313
CCA,C>T,31260902
ACC,C>T,21338921
ACC,C>T,20212635
ACC,C>T,26985962
CCA,C>T,47043575
CCA,C>T,48146280
CCA,C>T,48158735
ACC,C>T,48944136
ACC,C>T,41119974
ACC,C>T,29818358
CCT,C>T,10131368
CCT,C>T,50592954
CCT,C>T,7415529
CCT,C>T,41281191
CCT,C>T,20741959
CCT,C>T,25956756
CCT,C>T,25858013
CCT,C>T,35983759
GCC,C>G,40910458
TCG,C>T,32601186
ACC,C>T,23951710
CCC,C>T,22418119
CCC,C>T,15332987
CCC,C>T,40025936
CCG,C>T,37755257
CCG,C>T,39320232
CCG,C>A,18081824
CCG,C>T,9033986
TCT,C>T,32926236
TCT,C>T,19406686
TCT,C>T,33135934
TCT,C>A,17245268
TCA,C>T,9700680
TCA,C>T,31142064
TCA,C>T,44902782
TCA,C>T,40878068
TCA,C>T,43159375
TCA,C>T,37971116
TCA,C>T,23780074
ACC,C>T,4969426
CCT,C>T,1044182
CCT,C>T,13447288
CCT,C>T,17231979
CCT,C>T,36021247
CCT,C>T,16806891
TCT,C>T,49899347
TCT,C>T,6725281
TCT,C>T,27996276
TCT,C>T,33214062
TCT,C>T,25667752
TCT,C>T,29763907
TCT,C>T,27560956
TCT,C>T,8985164
TCT,C>T,24110425
TCT,C>T,49972201
TCC,C>T,44893808
TCC,C>T,14371906
TCC,C>T,45956116
TCC,C>T,36452693
TCC,C>T,49663736
TCC,C>T,51718670
TCC,C>T,38229994
TCC,C>T,52122413
TCC,C>T,40962141
TCC,C>T,22884098
TCC,C>T,49776114
TCC,C>T,10914486
TCC,C>T,33682388
TCC,C>T,40762987
TCC,C>T,46282060
CCT,C>T,910328
CCT,C>A,51383625
CCT,C>T,34481951
CCT,C>T,51198507
TCC,C>T,241648
TCC,C>T,24164338
TCC,C>T,42074951
TCC,C>T,31597745
TCC,C>T,19471349
TCC,C>T,4844064
TCC,C>T,39452484
TCC,C>T,24063586
TCC,C>T,20135692
TCC,C>T,25198297
TCC,C>T,16809340
TCC,C>T,37875460
TCC,C>T,35574960
TCC,C>T,42201968
TCC,C>T,20574209
TCC,C>T,4164509
CCT,C>T,48884735
CCT,C>T,15752742
CCT,C>T,48084535
CCC,C>T,3399115
CCG,C>T,38529877
CCG,C>T,30708430
CCG,C>T,50572073
TCC,C>T,41073564
TCC,C>T,15224536
TCC,C>T,42668158
TCC,C>T,10347393
TCC,C>T,18529411
TCC,C>T,10803491
TCC,C>T,24678259
CCG,C>T,9483527
TCG,C>T,9847069
TCG,C>T,28721022
TCG,C>T,24601638
TCG,C>T,40613274
TCG,C>T,2659149
TCG,C>T,30095671
TCG,C>T,6873438
ACC,C>T,48445809
CCA,C>T,52561978
CCA,C>T,34838191
GTG,T>C,28285326
ACT,C>T,11503002
ACT,C>T,31529182
ACT,C>T,8072015
GTC,T>A,2100361
TCC,C>T,46885442
TCC,C>T,47960649
TCC,C>T,17841277
TCC,C>T,6438926
TCC,C>T,21859241
GTC,T>C,40369138
TCG,C>T,22141645
TCG,C>T,41857555
TCG,C>T,51590225
TCG,C>T,16028668
TCG,C>T,5435826
TCG,C>T,38695249
TCG,C>T,28718804
TCG,C>T,36699499
TCG,C>T,50537676
GCA,C>T,18811601
CCC,C>T,27996171
CCC,C>T,2593898
CCC,C>T,28653155
CCC,C>T,50459106
CCC,C>T,28068943
CCC,C>T,30255691
CCC,C>T,41147256
CCC,C>T,9565370
CCC,C>T,40204118
CCC,C>T,31797135
CCC,C>T,45771056
CCC,C>T,12959321
CCC,C>T,9615166
CCC,C>T,13695212
CCC,C>T,44525850
CCC,C>T,17233829
CCC,C>T,23562197
CCC,C>T,42524423
CCC,C>T,46599656
CCC,C>T,24073360
CCC,C>T,15306781
CCC,C>T,40933583
CCC,C>T,38478314
CCC,C>T,28173765
CCC,C>T,43180114
CCC,C>T,13977439
CCC,C>T,48601630
CCA,C>T,27850598
CCA,C>T,28005000
CCA,C>T,41825687
CCA,C>T,51994830
CCA,C>T,23402671
CCA,C>T,50459098
CCA,C>T,52356804
CCT,C>T,41583765
CCT,C>T,7725687
CCC,C>T,16398716
CCC,C>T,12607791
CCC,C>T,6947758
CCC,C>T,16118334
CCC,C>T,6260735
CCC,C>T,43388697
CCC,C>T,2274802
CCC,C>T,16813609
CCC,C>T,23506115
CCC,C>T,11254142
CCC,C>T,18530969
CCC,C>T,9759510
CCG,C>T,16142669
CCC,C>T,49369816
CCC,C>T,15387157
CCC,C>T,44219379
CCC,C>T,22742530
CCC,C>T,11349295
CCC,C>T,28184680
CCC,C>T,31602102
CCC,C>T,45816071
TCT,C>T,38840353
TCT,C>T,12056882
TCT,C>T,31740457
TCG,C>T,40844001
TCG,C>T,38690169
TCG,C>T,42816912
TCG,C>T,45077876
TCG,C>T,30728619
TCG,C>T,25411033
TCG,C>T,37931057
TCG,C>T,32835566
GCT,C>T,47740458
GCT,C>T,49091923
TCT,C>A,42413417
TCT,C>T,45011342
TCT,C>T,24028915
TCT,C>T,41188448
TCT,C>T,32134513
TCT,C>T,12911500
TCT,C>T,15320997
TCT,C>T,22366561
TCT,C>T,50943674
TCT,C>T,10985441
TCT,C>T,49630048
TCT,C>T,28241894
CTG,T>G,22990947
TCC,C>T,47424460
TCC,C>T,600726
TCC,C>T,46615651
TCC,C>T,38545994
TCC,C>T,2634749
CCG,C>T,17644289
GCC,C>T,328697
CCC,C>T,15768897
CCC,C>T,31850471
CCC,C>T,570643
CCC,C>T,13378960
CCG,C>T,39131303
CCG,C>T,9151645
TCA,C>T,4967845
TCA,C>T,30601363
TCA,C>G,15959374
TCA,C>T,30520508
TCA,C>T,14862502
TCA,C>T,26790300
TCA,C>T,24410056
TCC,C>T,22823595
TCC,C>T,32490436
TCC,C>T,18854754
TCC,C>T,25203638
TCC,C>T,22884219
TCC,C>T,38794994
TCC,C>T,9218819
TCC,C>T,5755099
TCC,C>T,37927042
TCC,C>T,4278510
TCC,C>T,17128910
TCC,C>T,36791574
TCC,C>T,39011034
TCC,C>T,23398212
TCC,C>T,43412178
TCC,C>T,47485541
TCC,C>T,23024335
TCC,C>T,15127895
TCC,C>T,28429445
TCC,C>T,37038401
TCC,C>T,22995258
CCT,C>T,14867850
CCT,C>T,910299
CCT,C>T,36402417
CCT,C>T,17372914
CCT,C>T,47709960
CCT,C>T,49553889
CTT,T>A,34360123
TCC,C>T,39510324
TCC,C>T,7313284
TCC,C>T,41340088
TCC,C>T,47957131
TCC,C>T,24863476
TCC,C>T,10356265
TCC,C>T,2096662
TCC,C>T,25052692
TCC,C>T,25749171
TCC,C>T,17757942
TCC,C>T,31624825
TCC,C>T,32415812
TCC,C>T,12560964
TCC,C>T,7296822
CCC,C>T,14164431
CCC,C>T,25778012
CCC,C>T,19465307
CCC,C>T,1755502
CCC,C>T,12655906
CCC,C>T,20313318
CCC,C>T,25274856
CCC,C>T,30232073
CCC,C>T,49439945
CCC,C>T,5685898
TCA,C>T,15922761
TCA,C>T,37947721
TCA,C>T,46108359
TCA,C>T,13531909
TCA,C>T,15654059
TCA,C>T,43464472
CCG,C>T,40252164
ACC,C>T,23717449
TCA,C>T,46874687
TCA,C>T,22986523
TCA,C>T,42787437
TCA,C>T,14833029
TCA,C>T,52681155
TCA,C>T,32473766
TCA,C>T,47795491
TCA,C>T,39773444
ACC,C>T,29197280
ACC,C>T,33360145
ACC,C>T,22219745
GTT,T>G,28078718
TTT,T>A,31578798
TTT,T>A,23189424
TTT,T>C,29514409
CCT,C>T,48007546
CCT,C>T,11738632
CCT,C>T,33158170
CCT,C>T,29564196
CCT,C>T,27808142
CCT,C>T,42035361
CCT,C>T,42431126
CCT,C>T,32104450
ATA,T>A,15551047
TCA,C>T,2594924
TCA,C>T,21542152
TCA,C>T,45851957
TCA,C>T,37939356
TCA,C>T,6569393
TCA,C>T,49007101
TCA,C>T,37681124
TCA,C>T,51515753
ACC,C>T,11600126
ACC,C>T,5644835
CCA,C>T,49773158
CCA,C>T,8718651
ATT,T>C,12197911
TCC,C>T,46643166
TCC,C>T,2248174
TCC,C>T,15529410
TCC,C>T,45687338
TCC,C>T,16485450
TCC,C>T,11841787
TCC,C>T,26619799
TCC,C>T,27115876
TCC,C>T,7366576
TCC,C>T,48216268
TCC,C>T,39005336
TCC,C>T,41910876
TCC,C>T,27770820
TCC,C>T,42122254
TCC,C>T,32238382
TCC,C>T,12943564
TCC,C>T,43335098
TCC,C>T,48420690
TCC,C>T,26617227
TCC,C>T,49601031
TCA,C>T,3126378
TCA,C>T,38243040
CCC,C>T,27479401
CCC,C>T,30652881
CCT,C>T,47946019
CCT,C>T,37447308
CCT,C>T,27276666
CCT,C>T,11255726
CCC,C>T,8094858
CCC,C>T,36503609
CCC,C>T,41409459
CCC,C>T,18151525
CCC,C>T,8841375
CCC,C>T,39253252
CCC,C>T,31122142
CCC,C>T,47140223
CCC,C>T,30470739
GCC,C>T,1295197
GCC,C>A,38639059
GTG,T>G,26110955
GCC,C>T,22699116
CCG,C>T,3677754
CCG,C>T,43379856
CCA,C>T,15970015
GCT,C>T,17366411
GCT,C>T,16524301
GCT,C>G,174843
CTG,T>A,47404520
CCC,C>T,13157562
CCC,C>T,23954480
CCC,C>T,36594191
ATC,T>C,31551995
TCA,C>T,47605121
TCA,C>T,32654018
TCA,C>T,7479534
TCA,C>T,51193039
CCG,C>T,13248249
ACC,C>T,32815830
ACC,C>T,51025611
ACC,C>T,22807987
ACC,C>T,19043080
CCC,C>T,5269294
CCC,C>T,39092820
CCC,C>T,7177242
CCC,C>T,22882144
CCC,C>T,35778922
CCA,C>T,23561875
CCA,C>T,39442453
GCC,C>T,11478469
GCC,C>T,13750554
CTC,T>C,50595698
TCC,C>T,3829543
TCC,C>T,28215185
TCC,C>T,17936981
TCC,C>T,36605960
TCC,C>T,2513589
TCC,C>T,49446471
TCC,C>T,9859077
TCC,C>T,4557990
CCA,C>T,24546295
CCA,C>T,28552546
CCA,C>T,41349464
CCA,C>T,41915883
CCA,C>T,21074122
CCA,C>T,32833184
CCG,C>T,25865681
CCA,C>T,43183886
CCA,C>T,25753599
GCC,C>T,41620895
GCC,C>T,43069533
TCT,C>T,32903604
TCC,C>T,40729788
TCC,C>T,41550412
TCC,C>T,42978058
TCC,C>T,52159358
TCC,C>T,27129579
TCC,C>T,6177446
TCC,C>T,51063442
TCC,C>T,24570793
GCC,C>T,40665601
GCC,C>T,8024636
GCC,C>T,12394479
CCC,C>T,47332730
CCC,C>T,1125716
CCC,C>T,2516940
CCC,C>T,41926150
CCC,C>T,5980669
CCA,C>T,6955585
CCA,C>T,2529215
CCA,C>T,5838889
CCA,C>T,29619189
CCA,C>T,37119698
CCA,C>T,28142210
CCC,C>T,21049803
CCC,C>T,30484575
CCC,C>T,24290624
CCC,C>T,37242078
CCC,C>T,8068673
CCC,C>T,25193800
CCC,C>T,31068825
CCC,C>T,22626527
GCC,C>T,42899861
GCC,C>T,1204475
GCC,C>T,25486878
GCC,C>T,22681643
CCC,C>T,50700110
CCC,C>T,36361203
CCC,C>T,1816699
CCC,C>T,6714315
CCG,C>T,32218503
CCG,C>T,17383839
CCG,C>T,41900123
CCG,C>T,9858205
CCG,C>T,23669480
GCT,C>T,38812667
TCC,C>T,11978303
TCC,C>T,24245853
TCC,C>T,47495782
TCC,C>T,45526991
TCC,C>T,49566958
TCC,C>T,24056162
TCC,C>T,5598866
TCC,C>T,16338793
TCC,C>T,50756468
TCC,C>T,44910235
TCC,C>T,25935189
TCC,C>A,32937965
TCC,C>T,5803061
TCC,C>T,40895381
TCC,C>T,18001702
TCC,C>T,35777777
TCC,C>T,6164168
TCC,C>T,51140853
TCC,C>T,16036067
TCC,C>T,35255819
TCC,C>T,6590668
TCC,C>T,32472839
TCC,C>T,8335157
TCC,C>T,52626216
TCC,C>T,10379778
TCC,C>T,23357344
TCC,C>T,46781242
CCC,C>T,27743999
CCC,C>T,12805408
CCC,C>T,24158928
CCC,C>T,46031820
CCC,C>T,17032563
CCC,C>T,35380694
CCC,C>T,10387112
CCC,C>T,39121660
CCC,C>T,5509893
CCC,C>T,47928914
CCC,C>T,20118660
CCC,C>T,19550221
CCA,C>T,45467667
CCA,C>T,16690245
CCA,C>T,45270332
CCA,C>T,5102882
CCA,C>T,6094834
GCG,C>T,21981094
CCA,C>T,11213990
CCA,C>T,37803482
GCC,C>T,40134655
CCC,C>T,16386989
CCC,C>T,23851669
CCG,C>T,40635447
CCG,C>A,29708041
GCC,C>T,51658789
GCC,C>T,9105360
CCG,C>T,41012159
CCG,C>T,45199410
ACC,C>T,44080498
ACC,C>T,3367111
CCT,C>T,16405543
GCC,C>T,36862173
CCC,C>T,42038413
CCC,C>T,47045903
CCC,C>T,10865940
CCC,C>T,25752453
CCA,C>T,115189
ACC,C>T,45404
CCG,C>T,36504862
CCG,C>T,17004936
ACC,C>T,44920178
TCT,C>T,24145909
TCT,C>T,33267725
TCT,C>T,43920898
TCT,C>T,20016997
TCT,C>T,4631487
TCT,C>T,36820863
TCT,C>G,25348027
TCT,C>G,13654844
TCT,C>T,32912630
TCT,C>T,9645653
TCA,C>T,48584361
TCA,C>T,24654584
TCA,C>T,9542133
TCA,C>T,2858483
TCA,C>T,40828295
TCA,C>T,24339941
GCC,C>T,23695175
CCA,C>T,39251444
CCA,C>T,47787458
CCA,C>T,14556058
CCA,C>T,47182821
ATT,T>C,29863004
TCA,C>T,29985464
TCA,C>T,40702506
TCA,C>T,12599474
TCA,C>T,30391466
TCA,C>T,22058914
TCA,C>T,20331259
TCA,C>T,14786014
TCA,C>T,43449727
TCA,C>T,22243764
TCA,C>T,51280890
TCA,C>T,21152045
TCA,C>T,40358580
TCA,C>T,6334249
TCA,C>T,39134063
GCC,C>T,37241064
CCT,C>T,37180720
CCT,C>T,48929326
CCT,C>T,45287668
CCT,C>T,27361999
CCT,C>T,24389454
CCT,C>T,10361408
CCT,C>T,16320631
CCT,C>T,17778710
CCT,C>T,42476602
CCT,C>T,5410476
CCT,C>T,22653315
CCT,C>T,46023312
CCT,C>T,16774377
CCA,C>T,48167617
CCA,C>T,4959534
CCA,C>T,19748628
TCT,C>T,41916620
TCT,C>T,16798437
TCT,C>T,21886467
TCT,C>T,13373835
TCT,C>T,15037048
TCT,C>T,50457926
TCT,C>G,3280259
TCT,C>T,26943243
TCT,C>T,9418230
CCC,C>T,49544377
CCC,C>T,14480727
CCC,C>T,29759994
CCC,C>T,4960324
CCC,C>T,46293832
CCC,C>T,340663
CCC,C>T,49449222
CCA,C>T,49874684
GCA,C>T,46529471
TCA,C>T,5479208
TCA,C>T,11823886
TCA,C>T,13724122
TCA,C>T,51936735
ATT,T>A,35137140
ATT,T>A,14438036
CCT,C>T,5357716
CCT,C>T,34189294
CCT,C>T,51137327
CCT,C>T,42597645
TCT,C>T,31266162
TCT,C>T,48747698
TCT,C>T,39356920
TCT,C>T,3695233
TCT,C>T,24134152
CCA,C>T,25659204
CCA,C>T,2318320
CCA,C>T,48357537
CCA,C>T,47713812
CCA,C>T,25785938
TCA,C>T,41850219
TCA,C>T,23303789
TCA,C>T,30565523
TCA,C>T,33193589
TCA,C>T,37226226
ATT,T>C,3690582
TTT,T>A,14731213
TTT,T>A,46871775
TTT,T>C,9224768
TCT,C>T,2787641
TCT,C>T,7149172
TCT,C>T,16934006
TCT,C>T,1422172
TCT,C>T,25776476
TCT,C>T,20463125
TCT,C>T,50607687
TCT,C>T,28266212
TCT,C>T,50888268
TCT,C>T,1261782
TCT,C>T,13317962
TCT,C>T,1226354
TCT,C>T,39717681
TCT,C>T,41772951
TCT,C>T,48705477
TCT,C>T,6634250
TCT,C>T,26003808
TCT,C>T,29247621
TCT,C>T,22837977
TCT,C>T,36480715
TCT,C>T,12716621
TCT,C>T,27806040
TCT,C>T,5410449
TCT,C>T,31988669
TCT,C>T,30918203
TCT,C>T,22818067
TCT,C>T,50490270
TCT,C>T,39203638
TCT,C>T,42123178
TCT,C>T,50663869
TCT,C>T,51847469
TCC,C>T,13069828
TCC,C>T,32734214
TCC,C>T,51775847
TCC,C>T,16393245
TCC,C>T,22406605
TCC,C>T,50789384
TCC,C>T,14811044
TCC,C>T,25176334
TCC,C>T,14457550
TCC,C>T,38809159
TCC,C>T,6564887
TCC,C>T,40474789
TCC,C>T,5586908
TCC,C>T,36832526
TCC,C>T,37141792
TCC,C>T,48676843
TCC,C>T,22204148
TCC,C>T,38093854
TCC,C>T,35129116
TCC,C>T,49775002
TCC,C>T,23893819
TCC,C>T,42696674
TCC,C>T,21156478
TCC,C>T,47746129
TCC,C>T,46637117
TCC,C>T,49592203
TCC,C>T,16974717
TCC,C>T,43132555
CCC,C>T,49647739
CCC,C>T,46171221
CCC,C>T,42250212
CCC,C>T,50403003
CCC,C>T,13207406
CCC,C>T,49532136
CCC,C>T,29008669
CCC,C>T,24133038
CCT,C>T,46141148
TCT,C>T,90193
TCT,C>T,11762185
TCT,C>T,42923878
TCT,C>T,42030827
TCT,C>T,6396492
TCT,C>A,8338973
CTT,T>C,25767240
TCT,C>T,9097809
TCT,C>T,15890755
TCT,C>T,44695070
TCT,C>T,16880493
ACC,C>T,20903479
CCC,C>T,13681775
CCC,C>T,52679335
CCC,C>T,5000194
CCC,C>T,48905347
CCC,C>T,36336130
CCC,C>T,33220299
CCC,C>T,38861540
CCC,C>T,40099768
CCC,C>T,19010333
TCA,C>T,18262371
TCA,C>T,14944794
GTT,T>G,1238916
GTT,T>A,20501298
GTT,T>C,10715117
TCG,C>T,48389188
TCG,C>T,46256751
TCG,C>T,44744989
TCG,C>T,41581940
TCG,C>T,2715549
TCG,C>T,18229750
TCG,C>T,51694050
TCG,C>T,38861948
CCA,C>T,14246864
CCA,C>T,17868647
CCA,C>T,33729949
CCA,C>T,27983
CCA,C>T,24994534
ACC,C>T,47590403
CCA,C>T,3629269
CCA,C>T,26806805
TTT,T>A,6158598
TTT,T>A,41039179
GCT,C>T,15995650
TCA,C>T,14073677
TCA,C>T,41266877
TCA,C>T,34938501
TCA,C>T,2152299
TCA,C>T,38255938
TCA,C>T,27425124
ACT,C>T,40502371
ATC,T>G,49228444
TCT,C>T,32429786
TCT,C>T,7171757
TCT,C>T,34796355
TCT,C>T,13582889
TCT,C>T,49111719
TCT,C>T,41981644
CCT,C>T,22251481
CCT,C>T,50838313
CCT,C>T,5842811
CCT,C>T,34723812
CCT,C>T,35742401
CCT,C>T,30225369
GTT,T>C,7379273
CCC,C>T,47266710
CCC,C>T,47851439
CCC,C>T,4344322
CCC,C>T,45062757
CCA,C>T,9692397
CCA,C>T,15709148
CCA,C>T,10675223
CCA,C>T,39188675
TCT,C>T,33243365
TCT,C>T,14019045
TCT,C>T,34903576
TCT,C>T,32453053
TCT,C>T,5849404
CTG,T>G,32244692
TCC,C>T,23880146
TCC,C>T,21707134
TCC,C>T,50677886
TCC,C>T,42612220
TCC,C>T,5859985
TCC,C>T,24325669
TCC,C>T,5383607
TCC,C>T,4484329
TCC,C>T,51040933
CCA,C>T,12329375
CCA,C>T,37881774
CCC,C>T,46922366
CCC,C>T,30280475
CCC,C>T,45277146
CCC,C>T,152410
CCC,C>T,11519384
TCA,C>T,3545447
GCA,C>T,14651376
TCC,C>T,48122095
TCC,C>T,15677155
TCC,C>T,18009294
TCC,C>T,52293647
TCC,C>T,33180836
TCC,C>T,1240920
TCC,C>T,52050682
TCC,C>T,4961347
TCC,C>T,38270657
CCA,C>T,22020258
CCA,C>T,17063057
GCC,C>T,52361361
TTT,T>C,49305656
TTT,T>C,13111764
TTT,T>A,27907781
TTA,T>A,46990816
CCA,C>T,50251257
CCA,C>T,43048610
CCA,C>T,7212737
CCA,C>T,48251155
CCA,C>T,35344657
CCA,C>A,9077874
ACA,C>A,27707114
ATG,T>A,42543531
ATG,T>G,39413217
ATG,T>G,11262644
ATT,T>C,22461479
TCA,C>T,17686389
TCA,C>T,36827983
TCA,C>T,34805916
TCA,C>T,13816789
TCA,C>T,39763382
TCA,C>T,23628846
TCA,C>T,8066145
TCA,C>T,5049322
TCA,C>T,14320748
TCA,C>T,35755581
TCA,C>T,44601548
TCG,C>T,5705812
TTT,T>C,32501062
TTT,T>A,43143376
TTA,T>A,25555282
TTA,T>A,1456849
TCG,C>T,28940253
TCG,C>T,8126979
TCG,C>T,41706295
TCG,C>T,27704798
TCG,C>T,33423670
TCG,C>T,45759113
TCG,C>T,28737852
TCG,C>T,5956448
TCG,C>T,30989028
TCG,C>A,15690703
TCG,C>T,19394976
TCG,C>T,19786858
TTT,T>G,49012971
GTG,T>A,47515419
GTT,T>C,17734374
ATA,T>A,43886739
ATA,T>A,15549811
ATG,T>G,34345548
ACT,C>T,39987637
TCC,C>T,19758486
TCC,C>T,38132091
TCC,C>T,24331140
TCC,C>T,3313484
TCC,C>T,38709588
CCG,C>T,6803909
CCG,C>T,11277106
CCG,C>T,43450720
CCC,C>T,8737006
CCC,C>T,19860828
CCC,C>T,37692680
CCC,C>T,42234969
CCC,C>T,25957210
CCC,C>T,21758793
CCC,C>T,51253803
CCA,C>T,6612284
TTA,T>A,3455015
GCC,C>T,8455015
CCT,C>T,10866140
TCG,C>T,34173628
TCG,C>T,34423326
CCA,C>T,25706180
ATT,T>A,42834098
TTC,T>C,13889207
ACT,C>T,6181733
TCA,C>T,38978156
TCA,C>T,43898265
TCA,C>T,43278144
TCA,C>T,46737684
ACA,C>T,43903839
GCC,C>T,22869661
CCT,C>T,22595390
ATT,T>C,32946924
ATT,T>C,25179148
TCG,C>T,26754838
TCG,C>T,15003496
TCG,C>T,28854660
TCG,C>T,40930630
TCG,C>T,13746854
TCG,C>T,6657625
TCG,C>T,11824345
TCG,C>T,40150461
TCG,C>T,44893519
TCG,C>T,41400325
TCG,C>T,13581644
TCG,C>T,9789854
TCG,C>T,38350241
TCG,C>T,16966673
TCG,C>T,15883427
TTT,T>C,12290791
TCC,C>T,6287754
TCC,C>T,14785214
TCC,C>T,48514095
TCC,C>T,6099720
TCC,C>T,8882861
TCC,C>T,43176209
TCC,C>T,45651172
TCC,C>T,18914927
TCC,C>T,50610423
TCC,C>T,14940519
TCT,C>T,6324572
TCT,C>T,31327751
TTT,T>C,10908126
TTA,T>A,14032623
TTA,T>C,28182403
GTT,T>C,40620798
ATT,T>C,5320473
TCT,C>T,27468725
TCT,C>T,51308338
CTT,T>C,10399196
TCA,C>T,17806848
TCA,C>T,40920943
TCA,C>T,11270067
TCA,C>T,7078141
TCA,C>T,1315247
TCA,C>T,26585480
TCA,C>T,24526820
TCC,C>T,13563594
TCC,C>T,1327769
TCC,C>T,52517880
TCC,C>T,4340526
TCC,C>T,25506734
TCC,C>T,11556922
TCC,C>T,27169172
TCC,C>T,2871421
TCC,C>T,19355851
TCC,C>T,8704363
TCC,C>T,11992524
TCC,C>T,9746638
TCC,C>T,10195036
TCC,C>T,24675519
CCT,C>T,20273507
CCT,C>T,47073205
CCT,C>T,49847763
CCT,C>T,15799204
TTG,T>C,51091107
ACT,C>G,37151863
GCC,C>T,8785429
GCC,C>T,3241572
CCA,C>T,43111775
TTA,T>C,29505207
TTT,T>C,9761717
TCT,C>T,36616298
TCT,C>T,27823487
TCT,C>T,19343183
TCT,C>T,19526795
TCA,C>T,34942865
TCA,C>T,44074871
TCA,C>T,31955005
TCA,C>T,30644392
TCA,C>T,21667878
TCT,C>T,48470930
TCT,C>A,25242676
TCT,C>T,7549573
TCT,C>T,48132300
TCT,C>T,28065851
TCT,C>T,32455458
TCT,C>T,31865813
TCC,C>T,34017496
TCC,C>T,9167663
TCC,C>T,7478126
TCC,C>T,39580718
TCC,C>T,16411855
TCC,C>T,49140042
TCC,C>T,23238479
TCC,C>T,863549
TCC,C>T,42812137
TCC,C>T,47732691
TCC,C>T,19691625
TCC,C>T,18174123
TCC,C>T,34697073
TCC,C>T,12085346
ACT,C>T,35437625
TCT,C>T,43740963
TCT,C>T,4837660
TCT,C>T,11007110
TCT,C>T,41749638
TCT,C>T,50133512
TCT,C>T,5708407
TCT,C>T,29452645
TCA,C>T,35645944
TCA,C>T,20821974
TCA,C>T,25719277
TCA,C>T,7870417
TCA,C>T,23433466
TCA,C>T,33383303
CCC,C>T,13126998
CCC,C>T,49942507
CCC,C>T,7858157
CCT,C>T,3466488
CCT,C>T,40456641
CCT,C>T,4377582
CCT,C>T,26358058
TCA,C>T,24885890
TCA,C>T,4154359
TCA,C>T,14775794
TCA,C>T,12828735
TTG,T>C,32676384
TCT,C>T,37080604
TCT,C>T,13000608
TCT,C>T,49172239
TCT,C>T,36443958
TCT,C>T,293134
TCT,C>T,20513867
TCT,C>T,42744088
TCT,C>T,44126506
TCT,C>T,32597339
TCT,C>T,14668994
TCT,C>T,42498747
TCT,C>T,47080134
TCT,C>T,51819097
TCT,C>T,21277651
TCA,C>T,18021070
TCA,C>T,41239416
TCA,C>T,49589133
TCA,C>T,29588079
ATG,T>C,42837684
TCC,C>T,15669976
TCC,C>T,13009378
TCC,C>T,16009857
TCC,C>T,23919489
TCC,C>T,39971615
TCC,C>T,42529331
TCC,C>T,28786458
TCC,C>T,4530288
TCC,C>T,12652112
TCC,C>T,23699358
TCC,C>T,7215102
GTT,T>C,18853199
GTT,T>G,5698672
GTT,T>C,48338804
GTT,T>C,19973003
GTT,T>C,13021081
ATT,T>A,51313348
TCA,C>T,14614398
TCA,C>T,48130237
TCA,C>T,52345617
TCA,C>T,13114482
TCA,C>T,2417591
TCA,C>T,47965901
TCA,C>T,51913830
TCA,C>T,48420493
TCA,C>T,8389383
TCA,C>T,51446333
TCA,C>T,29066259
GCC,C>T,13443597
TCG,C>T,40975471
TTA,T>C,48063301
TTA,T>C,6687632
TCA,C>T,29389785
TCA,C>T,19735460
TCA,C>T,50022211
TCA,C>T,8911236
TCA,C>T,36483316
GCT,C>T,41954204
CTG,T>C,17350337
TCG,C>T,46795954
TCG,C>T,20431177
TCG,C>T,49047514
TCG,C>T,45776966
TCG,C>T,28651148
TCG,C>T,7488305
TCG,C>T,44331757
TCG,C>T,14962239
TCG,C>T,19588213
TCG,C>T,33822290
TCG,C>T,31009551
TTA,T>C,8432590
TTA,T>C,7404059
GCT,C>T,44892373
GTT,T>C,48335397
GTT,T>C,5789486
ACC,C>T,28360523
CCC,C>T,44329930
CCC,C>T,37561052
CCC,C>T,40345380
CTA,T>C,18912571
TCA,C>T,2877127
TCA,C>T,52634365
TCA,C>T,24878608
TCA,C>T,18926423
TCA,C>T,18606222
TCA,C>T,890408
TCA,C>T,36377678
TCA,C>T,40686098
CCA,C>T,9362779
CCA,C>T,14325816
CCA,C>T,6217228
CCA,C>T,16459729
ACT,C>T,14392908
TCA,C>T,33150961
TCA,C>T,46808159
TCA,C>T,50862802
TCA,C>T,31155251
TCA,C>T,36932012
TCA,C>T,11007099
TCA,C>T,27253689
ATT,T>A,23099644
TCA,C>T,29325464
TCA,C>T,8255397
GTT,T>C,34552489
TTC,T>G,49750147
TCT,C>T,32777600
TCT,C>T,11859255
TTA,T>A,22516584
TCT,C>T,43452309
TCT,C>T,42147407
ACC,C>T,45552264
TTA,T>A,45437178
TCC,C>T,15100486
TCC,C>T,51307134
TCC,C>T,12470729
TCC,C>T,42095811
TCC,C>T,14198839
TCC,C>T,11787203
TCC,C>T,46312012
TCC,C>T,50070628
TCC,C>T,22127690
TCC,C>T,39356451
TCC,C>T,16110596
TCC,C>T,21908616
TCC,C>T,50230359
TCC,C>T,5514131
TCC,C>T,32647968
TCC,C>T,48363248
TCC,C>T,15050986
TCC,C>T,12274291
TCC,C>T,25232054
CCA,C>T,26420230
CCA,C>T,48358488
CCA,C>T,11541280
CCA,C>T,24733743
CTT,T>A,9567698
GCC,C>T,49960204
CCT,C>T,26657192
CCT,C>T,10805902
TTA,T>C,114744
TTA,T>C,43698907
CCC,C>T,174471
CCC,C>T,39153314
CCC,C>T,42694274
TTC,T>A,37510623
TCC,C>T,22997668
TCC,C>T,30098120
TCC,C>T,47690275
TCC,C>T,1695852
TCC,C>T,5030074
TCC,C>T,5544330
TCC,C>T,47968935
TCC,C>T,22039072
TCC,C>T,41390227
TCC,C>T,6701773
TCC,C>T,21501994
GCC,C>T,7027824
GCC,C>T,158790
GCC,C>T,41672579
GCC,C>T,45558511
TCC,C>T,45901205
TCC,C>T,45676840
TCC,C>T,25631287
TCC,C>T,13736864
TCC,C>T,22924300
TCC,C>T,4241901
TCC,C>T,49524794
TCC,C>T,42510715
TCC,C>T,20595777
TCC,C>T,2720330
TCC,C>T,768795
CCC,C>T,10093490
CCC,C>T,541768
CCT,C>T,50459876
CCT,C>T,49041552
CCT,C>T,46383713
ACT,C>T,5382257
ACT,C>T,50517429
TTT,T>A,6502250
TCC,C>T,23206158
TCC,C>T,30470657
TCC,C>T,26453180
TCC,C>T,16450534
TCC,C>A,14483737
TCC,C>T,28258224
TCC,C>T,930036
CCA,C>T,3018061
TCA,C>T,27799715
TCA,C>T,15888623
TCA,C>T,12540540
TCA,C>T,17072761
TCA,C>T,29257739
TCA,C>T,24212602
TCA,C>T,22912838
TCA,C>T,12461218
TCA,C>T,27684298
TCA,C>T,43873178
GTG,T>G,13686572
TTC,T>G,35134526
CCT,C>T,30743358
CCT,C>T,17359543
CCT,C>T,22193610
CCT,C>T,42695856
CCT,C>T,41963687
CTT,T>C,40246683
CCC,C>T,26642735
CCC,C>T,21568700
CCC,C>T,46444362
CCC,C>T,34974123
CCC,C>T,50185821
CCT,C>T,4590007
CCT,C>A,14496663
CCT,C>T,24848867
CCT,C>T,16078067
CCT,C>T,614790
TTC,T>C,16279851
TCT,C>T,13794924
TCT,C>T,6261193
TCT,C>T,48132954
TCT,C>T,21099596
TCT,C>T,45152432
TCT,C>T,22844235
TCT,C>T,4525853
TCT,C>T,46388075
CCT,C>T,52113079
CCT,C>T,45139606
CCT,C>T,39244129
CCT,C>T,41184614
CCT,C>T,40903295
CCT,C>T,31149801
CCT,C>T,46210845
TCC,C>T,21516470
TCC,C>T,32230915
TCC,C>T,32782761
TCC,C>T,37690414
TCC,C>T,10526248
TCC,C>T,41840152
TCC,C>T,20891867
TCC,C>T,44551777
CCA,C>T,33304566
CCA,C>T,23673970
CCA,C>T,51543774
CCA,C>T,44415667
CCA,C>T,51011054
CCA,C>T,17383760
ACC,C>T,13118847
ACC,C>T,47395026
ACC,C>T,34431540
ACC,C>T,33630705
ACC,C>T,7882952
ATA,T>A,7648848
TTA,T>C,36199453
TCT,C>G,23241410
TCT,C>T,29326937
TCT,C>T,22582331
TCT,C>T,28094137
TCT,C>G,9236363
TCT,C>T,1120580
TCT,C>T,39030045
TCT,C>T,29980635
TCG,C>T,35375666
TCG,C>T,6403667
CTT,T>C,25464734
CTT,T>C,51403803
CTT,T>C,52292701
TTT,T>A,38941364
ATT,T>A,2195516
TCA,C>T,32283677
TCA,C>T,19551930
TCA,C>T,8236965
TCA,C>T,47609694
TCA,C>T,41879893
TCA,C>T,43989557
TCA,C>T,50588160
TCA,C>T,42311086
TCA,C>T,27642211
TCA,C>T,46687831
TCA,C>T,29955016
TCA,C>T,35569732
TCA,C>T,15491027
TCA,C>T,6835764
TCA,C>T,4741769
TCA,C>T,8063245
TCT,C>T,29710629
TCT,C>T,37597037
TCT,C>T,16509261
TCT,C>T,30005506
TCT,C>T,38448094
TCT,C>T,11843657
TCT,C>T,49137170
TCT,C>T,24392870
CTA,T>C,37983483
CCT,C>T,23752319
TCT,C>T,38829571
TCT,C>T,51148955
TCT,C>T,41318580
GCT,C>T,16228523
TCT,C>T,46159743
CCT,C>T,41947693
CCT,C>T,46678757
CCT,C>T,22854063
CCT,C>T,41722843
CCT,C>T,8875419
CTA,T>A,21403870
ACC,C>T,25649765
TCA,C>T,38478788
TCT,C>T,20749815
TCT,C>T,32865699
TCT,C>T,9079470
GTT,T>C,8254832
ATT,T>A,34709095
ATT,T>A,51234676
TCA,C>T,4588548
TCA,C>T,19109204
TCA,C>T,9174752
TCA,C>T,49093155
TCA,C>T,21545874
TCA,C>T,45274699
TCA,C>T,38103933
TCA,C>T,29172970
TCA,C>T,35243935
TCA,C>T,52167183
TCA,C>T,41504465
TCA,C>T,2303556
TCA,C>T,10617805
TCA,C>T,38783352
TCA,C>T,37763876
ACA,C>T,25041387
ATC,T>A,11832443
GTT,T>C,11246882
CCG,C>T,17577716
CCG,C>T,14496750
ACC,C>T,48419511
TCA,C>T,51852934
TCA,C>T,43245207
TCA,C>T,6496761
TCA,C>T,11056832
TCA,C>T,45615446
ACA,C>T,8790754
TCA,C>T,27531553
TCA,C>T,39728383
TCA,C>T,51241315
TCA,C>T,45564045
TCA,C>T,14141959
TCA,C>T,17929261
TCA,C>T,11540948
TCA,C>T,29970670
CCC,C>T,24482664
CCC,C>T,49041280
CCC,C>T,29057417
CCC,C>T,49016020
CCC,C>T,13705944
CCC,C>T,36599062
CCC,C>T,30877034
TCC,C>T,20652798
TCC,C>T,32840423
TCC,C>T,52663031
TCC,C>T,7767652
TCC,C>T,50254415
TCC,C>T,33258736
TCC,C>T,44442201
TCG,C>T,27435701
TCG,C>T,18938989
TCG,C>T,10256156
TCG,C>T,40492368
TCG,C>T,38510417
TCG,C>T,51630876
TCG,C>T,3314846
TCG,C>T,7653445
TCG,C>T,31075030
TCG,C>T,36817448
TCG,C>T,12129502
TCG,C>T,6137124
TCG,C>T,16137321
TCG,C>T,31744091
TCG,C>T,25099025
TCG,C>T,25055067
TCG,C>T,50632889
TCG,C>T,16637680
TCG,C>T,13186774
TCG,C>T,773204
TCG,C>T,30707888
GCC,C>T,17734702
GCC,C>T,17650507
GCC,C>T,45629021
TTG,T>C,42957283
ACT,C>T,22275709
ACC,C>T,15239780
ACC,C>T,22076624
TCT,C>T,19120312
TCT,C>T,38031171
TCT,C>T,48242008
CCC,C>T,16928686
CCC,C>T,33470013
CCC,C>T,2606132
CCC,C>T,35076841
CCC,C>T,510910
CCC,C>T,34653510
CCC,C>T,9375055
ACT,C>T,37429424
ACT,C>T,39724527
ACT,C>T,37453347
CCA,C>T,14031340
CCA,C>T,43318330
CCA,C>T,11793201
CCA,C>T,8430756
CCA,C>T,17098131
ATT,T>A,21085036
ATT,T>A,32831709
TTT,T>A,37792666
TTT,T>A,28621974
CCC,C>T,42706022
CCC,C>T,36822016
CCC,C>T,44149738
CCC,C>T,47957897
CCC,C>T,16749904
CCC,C>T,20690719
CCC,C>T,47780972
GTT,T>C,47945395
GTT,T>C,11742447
TCT,C>T,30958482
TCT,C>T,47018761
TCT,C>T,18383685
CTT,T>C,12740272
GCA,C>A,46114600
ACC,C>T,22368281
CCA,C>T,18658684
CCA,C>T,48204588
CCA,C>T,10283481
TCA,C>T,20563638
TCA,C>T,25338537
TCA,C>T,6936183
TCA,C>T,12301611
TCA,C>T,24852149
TCA,C>T,24851402
TCA,C>T,34218967
TCA,C>T,38930461
CCT,C>T,51813899
TCA,C>T,20569333
TCA,C>T,18018557
TCA,C>T,34890008
TCA,C>T,814495
TCC,C>T,49786195
TCC,C>T,22376810
TCC,C>T,37200753
TCC,C>T,13750768
TCC,C>T,4094163
TCC,C>T,11889550
CCT,C>T,35457111
CTC,T>A,36107405
CTT,T>C,22843870
CTT,T>A,11753173
GCC,C>T,39895951
CTA,T>C,30857496
GTT,T>C,10916286
ACT,C>T,33416029
ACT,C>A,18109749
CCA,C>T,23148294
CCA,C>T,17680182
CCA,C>T,5024978
CCA,C>T,51454557
CCA,C>T,51680319
CCA,C>T,21504021
TCC,C>T,24077311
TCC,C>T,49131943
TCC,C>T,38294394
TCC,C>T,21923477
TCC,C>T,22884101
TCC,C>T,27731240
TCC,C>T,48375938
CCT,C>T,30153112
TCA,C>T,4562506
TCA,C>T,51733659
TCA,C>T,24622589
CCA,C>T,7069174
CCA,C>T,41345695
TTT,T>A,30694440
CCT,C>T,14882546
TCA,C>T,24290265
TCA,C>T,4952448
TCA,C>T,48174664
TCA,C>T,17166527
TCA,C>T,41932934
TCA,C>T,24057791
TCA,C>T,50770083
TCA,C>T,7478445
GTT,T>A,30893093
ACC,C>T,49476443
ACC,C>T,9666147
ACC,C>T,26850572
ACC,C>T,105220
CCT,C>T,25934402
GCT,C>T,425218
GCT,C>T,49218715
GCT,C>T,41016157
TCT,C>T,19040615
TCT,C>T,16986595
TCC,C>T,43298384
TCC,C>T,41815780
TCC,C>T,29876727
TCC,C>T,42361403
TCC,C>T,39603038
CCG,C>T,27990638
CCG,C>T,47045346
CCG,C>T,33838456
GCC,C>T,50712987
CCA,C>T,29532459
CCA,C>T,40792397
CCA,C>T,11950111
CTT,T>C,4426920
TCT,C>T,49936190
TCT,C>T,39614474
TCT,C>T,31662291
TCT,C>T,28646231
CCT,C>T,9018913
CCT,C>T,37105638
CCT,C>A,25047265
CCT,C>T,31704374
CCT,C>T,7922123
CCT,C>T,34338337
CCT,C>T,39222328
CCT,C>T,4978422
CCT,C>T,9726167
ATT,T>A,12122104
ATT,T>C,11130143
TCA,C>T,5074682
TCA,C>T,46146156
TCA,C>T,14369739
TCA,C>T,16120243
TCA,C>T,20390203
TCA,C>T,30842757
TCA,C>T,48515276
ATG,T>A,30209374
ATG,T>C,11630007
TCT,C>T,41284055
TCT,C>T,35663376
TCT,C>T,25659293
TCT,C>T,51002436
TCT,C>T,26057662
CTG,T>G,47525700
TTA,T>G,40342469
TCC,C>T,46728794
TCC,C>T,30639903
TCC,C>T,22949538
TCC,C>T,5999696
TCC,C>T,9265175
TCC,C>T,43668835
TCC,C>T,30480877
TCC,C>T,30859288
TCC,C>T,2749086
CCA,C>T,26522234
CCA,C>T,50654823
CCA,C>T,39550037
CCA,C>T,24690670
GTT,T>C,9781961
TCC,C>T,42373338
TCC,C>T,48366793
TCC,C>T,27913103
TCC,C>T,28268329
TCC,C>T,33925959
TCC,C>T,19284113
TCC,C>T,52050329
TCC,C>T,45949311
TCC,C>T,35744309
TCC,C>T,30397791
TCC,C>T,38108457
TCC,C>T,48994025
TCC,C>T,39069421
TCC,C>T,23965279
TTT,T>C,39730996
GCT,C>T,13539566
GCT,C>T,47539296
TCG,C>T,43466087
TCG,C>A,34015691
TCG,C>T,37803264
TCG,C>T,43536701
TCG,C>T,51702634
GTT,T>C,13720903
GTT,T>C,50149966
GTT,T>C,28518496
GTT,T>C,24880583
CTT,T>C,1102867
TCC,C>T,28444998
TCC,C>T,32313973
TCC,C>T,29049340
TCC,C>T,29702069
TCC,C>T,14685457
TCC,C>T,27630252
TCC,C>T,48352075
TCC,C>T,44140375
TCC,C>T,46119137
TCC,C>T,13233834
TCC,C>T,9983749
TCC,C>T,48793010
TCC,C>T,9410501
TCC,C>T,3141498
TCC,C>T,34211289
TCC,C>T,7985613
TCC,C>T,34603683
GCT,C>T,2597331
CTT,T>C,49809199
TCC,C>T,2198903
TCC,C>T,16765319
TCC,C>T,29916968
TCC,C>T,49412361
TCC,C>T,29588565
TCC,C>T,22339935
TCC,C>T,8373274
TCC,C>T,13145171
TCC,C>T,18801415
TCC,C>T,23604271
TCC,C>T,25849332
TCC,C>T,46612313
ACC,C>T,10046605
ACC,C>T,36683618
TCC,C>T,24627054
TCC,C>T,17283130
TCC,C>T,1262104
TCC,C>T,9001857
TCC,C>T,22155852
TCC,C>T,8033483
TCC,C>T,42077612
TCC,C>T,2552157
TCC,C>T,33589213
TCC,C>T,13179460
TCC,C>T,8173529
TCC,C>T,46836892
TCC,C>T,11043408
TCC,C>T,20084931
TCC,C>T,48905739
TCC,C>T,20240785
TCC,C>T,17075800
GTT,T>C,33909711
CCG,C>T,32348919
CCG,C>T,38080722
CCG,C>T,19018122
CCG,C>A,14763483
CCG,C>T,36401169
TCT,C>T,46793425
TCT,C>T,46670858
TCT,C>T,7610137
TCT,C>T,7060038
TCT,C>T,3862210
TCT,C>T,2720083
TCT,C>T,11861147
TCT,C>T,24795217
TCT,C>T,47981778
ATT,T>A,41475290
ACC,C>T,24148662
ACC,C>T,44228051
GCC,C>T,38245559
GTT,T>C,1968079
ATG,T>G,36989284
TCT,C>T,10266644
TTT,T>C,27175184
TCG,C>T,32195036
TCG,C>T,48262448
TCG,C>T,38455132
TCG,C>T,11504982
TCG,C>T,22980036
TCG,C>T,1901692
TCG,C>T,21240935
CTC,T>C,16101346
CCC,C>T,553094
CCC,C>T,35996701
CCC,C>T,51447705
CCC,C>T,52040701
CCC,C>T,17212698
CCC,C>T,52305709
CCC,C>T,15472885
CCC,C>T,41993
CCC,C>T,31116811
TCT,C>T,44470377
TCT,C>T,11895349
TCT,C>T,42632100
TCT,C>T,43762258
TCT,C>T,21550383
CTT,T>C,41647374
CCA,C>T,45100181
CCA,C>T,24907300
CCA,C>T,39968161
CCA,C>T,16133687
CCA,C>T,39929454
TCA,C>T,51683651
TCA,C>T,36653564
TCA,C>T,40758099
TCA,C>T,48333619
TCA,C>T,24194829
TCA,C>T,50699896
TCA,C>T,13191929
TCA,C>T,39325873
TCA,C>T,26762391
TCA,C>T,24574253
ACC,C>T,40529174
CCG,C>T,11314133
CCC,C>T,42250751
CCC,C>T,11968710
CCC,C>T,29853424
CCC,C>T,48827501
CCC,C>T,49402505
CCC,C>T,33802596
GCT,C>T,9923673
TCA,C>T,34367147
TCA,C>T,26962511
TCA,C>T,31322035
TCA,C>T,28460376
TCA,C>T,39004613
TCA,C>T,50454024
TCA,C>T,3518454
TCA,C>T,11078620
TCA,C>T,6753072
TCA,C>T,12014329
TCA,C>T,40604589
GCT,C>T,737886
GCT,C>T,7280229
TTA,T>G,33153048
TTA,T>G,1962326
CCT,C>T,5971835
CCT,C>T,20621717
CCT,C>T,52400650
CCT,C>T,16978292
CCT,C>T,24807212
TCT,C>T,4374173
TCT,C>T,23305132
TCT,C>T,14830447
TCG,C>T,9256860
TCG,C>T,15707799
TCG,C>T,10686231
TCG,C>T,5810676
CTT,T>C,6328244
CTT,T>A,50819169
TTC,T>A,10811130
GCT,C>T,9501648
TCC,C>T,48211414
TCC,C>T,5338120
TCC,C>T,44674851
TCC,C>T,17694819
TCC,C>T,503272
TCC,C>T,23661363
TCC,C>T,161990
TCC,C>T,39272770
TCC,C>T,7373092
TCG,C>T,3667327
CCA,C>T,33773960
CCA,C>T,11313235
CCA,C>T,8381011
CCA,C>T,52400214
CCA,C>T,36547279
ATT,T>A,33319261
GCT,C>T,13364108
TTT,T>A,11876844
ATA,T>A,27096332
GCC,C>T,1251527
TCC,C>T,12791839
TCC,C>T,9299530
TCC,C>T,8509715
TCC,C>T,7660956
TCC,C>T,35035726
TCC,C>T,51203200
TCC,C>T,37082241
TCC,C>T,33973397
TCC,C>T,24226052
TCC,C>T,7880882
TCC,C>T,24719735
TCC,C>T,244854
TCC,C>T,27289289
TCC,C>T,41265237
TCC,C>T,27806738
TCC,C>T,22796393
TCC,C>T,48298558
TCC,C>T,45122233
TCC,C>T,47586244
TCC,C>T,39447544
TCC,C>T,15999922
TCC,C>T,40231304
TCC,C>T,21340269
TCC,C>T,21234120
TCC,C>T,25804227
GTT,T>C,12390428
CCG,C>T,15512340
CCG,C>T,40869523
CCG,C>T,1469259
CCT,C>T,12456850
CCT,C>T,5527212
CCT,C>T,19745353
CCT,C>T,43160139
CCT,C>T,52196362
CCT,C>T,34799221
CCT,C>T,11265246
CCT,C>T,2942395
GCT,C>T,15809192
GCT,C>T,13069201
GCT,C>T,12604080
GTT,T>C,13599966
GTT,T>C,6086712
CTA,T>C,11828476
CCA,C>T,25894834
CCA,C>T,6443141
TCG,C>T,11515173
TCG,C>T,31754684
TCG,C>T,12049116
TCG,C>T,25792328
TCG,C>T,43978546
TCG,C>T,23689004
TCG,C>T,1419412
TCG,C>T,41363808
TCG,C>T,44247055
TCG,C>T,22103554
CCA,C>T,18515718
CCA,C>T,10068560
CCA,C>T,2590594
CCA,C>T,52169048
TCG,C>T,16022622
TCG,C>T,13368143
TCG,C>T,45135915
TCG,C>T,39260055
TCG,C>T,12159578
TCG,C>T,46659351
TCG,C>T,6650199
GTT,T>C,47159936
TCA,C>T,51971841
TCA,C>T,51090812
TCA,C>T,51090405
TCA,C>T,39178618
TCA,C>T,37237223
TCA,C>T,7890697
TCA,C>T,45843971
TCA,C>T,622683
TCA,C>T,23772168
TCA,C>T,32478149
TCA,C>T,30387306
TCC,C>T,33229430
TCC,C>T,36156819
TCC,C>T,39347936
TCC,C>T,3686643
TCC,C>T,4605385
TCC,C>T,25393850
TCC,C>T,36655191
TCC,C>T,13694264
TCC,C>T,44590056
TCC,C>T,44429313
TCC,C>T,47805519
TCC,C>T,20344243
TCC,C>T,19012237
TCC,C>T,13863857
TCC,C>T,44936916
TCC,C>T,49209577
TCC,C>T,26149377
TCC,C>T,11707126
TCC,C>T,11505374
TCC,C>T,28014082
TCC,C>T,18438195
TCC,C>T,52552984
TCC,C>T,17872308
TCC,C>T,14027653
TCC,C>T,27337294
TCC,C>T,45470000
TCC,C>T,42536330
TCC,C>T,27519877
TCC,C>G,13204552
TCC,C>T,35244293
TCC,C>T,14755656
TCC,C>T,44803515
TCC,C>T,12446316
TCC,C>T,39698940
GTT,T>G,11974731
TTA,T>C,10514485
GCC,C>T,52515889
GCC,C>T,11818802
TCG,C>T,7877912
GCC,C>T,38346982
GCC,C>T,17058293
CCC,C>T,14228747
CCC,C>T,52230458
CCC,C>T,39059623
CCC,C>T,2536876
CCC,C>T,34540014
CCT,C>A,3493614
CCT,C>T,4564827
CCT,C>T,19250368
ACA,C>T,9679660
ACC,C>T,10007717
TTT,T>C,44845900
TTT,T>C,34370504
CCA,C>T,42840663
CCA,C>T,6257721
CCA,C>T,39333427
CCA,C>T,30733244
CCG,C>T,11365431
CCG,C>T,9654419
TCT,C>T,52328555
TCT,C>T,5512608
ATA,T>C,43332271
ATA,T>C,1343913
CCT,C>T,49153773
CCT,C>T,12431178
CCT,C>A,16315933
TCG,C>T,6303961
TCG,C>T,44447283
TCG,C>T,24426472
TCG,C>T,24611198
TCG,C>T,39622249
TCG,C>T,31552589
TCG,C>T,8692002
TCG,C>T,9117756
TCG,C>T,17215494
TCG,C>T,10571117
TCG,C>T,12006722
TCG,C>T,51404497
TCG,C>T,51300189
TCG,C>T,4750764
TCG,C>T,41443283
TCG,C>T,13043924
TCG,C>T,42420977
TCT,C>T,31685219
CCC,C>T,47212349
CCT,C>G,26810905
CCT,C>T,13189647
CCA,C>T,48225776
CCA,C>T,13379125
CCA,C>T,38913437
CCA,C>T,28980501
CCA,C>T,52077483
CCA,C>T,46586093
CCA,C>T,31177052
CCA,C>T,11783582
CCA,C>T,15704740
TCC,C>T,39988289
TCC,C>T,30243574
TCC,C>T,14395772
TCC,C>T,32100876
TCC,C>T,52584377
TCC,C>T,12193510
TCC,C>T,41892949
TCC,C>T,48680248
TCC,C>T,22129558
TCC,C>T,26922498
TCC,C>T,51830311
TCC,C>T,8243269
CCC,C>T,1814161
CCT,C>T,43063109
CCT,C>T,34173085
CCT,C>T,10022090
TTT,T>A,28055034
TTA,T>C,2126495
CTA,T>C,5393148
CTA,T>C,49819161
TCC,C>T,40779138
TCC,C>T,27252648
TCC,C>T,21342249
TCC,C>T,46519557
TCC,C>T,41627167
TCC,C>T,30352563
TCC,C>T,46599180
CCT,C>T,30646951
CCT,C>T,30940937
CCT,C>T,23507190
ATT,T>C,30672455
ATT,T>A,23149102
ATT,T>C,28965689
TCC,C>T,29563000
TCC,C>T,15851300
TCC,C>T,33453649
CCC,C>T,28212577
CCC,C>T,2403860
ACC,C>T,11916294
ACC,C>T,22402913
CCA,C>T,43564844
CCA,C>T,47602655
CCA,C>A,21273845
TCC,C>T,11204859
TCC,C>T,26275782
TCC,C>T,51773035
TCC,C>T,33210906
TCC,C>T,17609543
CCT,C>T,8210259
CCT,C>T,48356304
TCC,C>T,13869263
TCC,C>T,44032975
TCC,C>T,49803125
TCC,C>T,7148698
TCC,C>T,29729327
TCC,C>T,17004713
TCC,C>T,49837387
TCC,C>T,16565786
TCC,C>T,38474631
TCC,C>T,17857930
TCC,C>T,49524593
TCC,C>T,12589799
TCC,C>T,17228652
TCC,C>T,16128067
TCC,C>T,38696281
TCC,C>T,20762130
TCC,C>T,9976164
TCC,C>T,48440679
TCC,C>T,50126203
TCC,C>T,14656394
TCC,C>T,46242559
TCC,C>T,28723186
TCC,C>T,41001207
TCC,C>T,1860838
TCC,C>T,23224985
TCC,C>T,47386643
TCC,C>T,47288742
TCC,C>T,22523890
TCC,C>T,20721040
TCC,C>T,17892493
TCC,C>T,2226131
TCC,C>T,23988905
TCC,C>T,28660603
TCC,C>T,47307380
TCC,C>T,30617586
TCC,C>T,37511802
TCC,C>T,13267946
TCC,C>T,27911379
TCC,C>T,27220844
TCC,C>T,35947521
TCC,C>T,39144264
CCA,C>T,24401341
CCA,C>T,46737667
TCC,C>T,5137293
TCC,C>T,28208703
TCC,C>T,25487907
TCC,C>T,10206127
TCC,C>T,40568872
TCC,C>T,20827184
CCT,C>T,18941168
CCT,C>T,16039252
TTT,T>C,22967854
ATG,T>C,27016531
TCC,C>T,25947035
TCC,C>T,24506826
TCC,C>T,44964795
TCC,C>T,39396525
CCG,C>T,41764177
CCG,C>T,6814575
GCC,C>T,33807435
CCG,C>T,46344423
CCG,C>T,25545701
CCG,C>A,460333
TCT,C>T,29156751
TCT,C>T,47337792
TCT,C>T,15257590
TCT,C>T,8282032
TCT,C>T,14963874
TCT,C>A,4485332
TCT,C>T,13174002
TCT,C>T,5237375
TCT,C>T,15806866
TCT,C>T,13439404
ACC,C>T,40060409
CCC,C>T,48145394
CCC,C>T,49536538
CCC,C>T,18521846
CCC,C>T,8057280
CCC,C>T,52505571
CCC,C>T,36983191
CCC,C>T,50579644
CCC,C>T,51268270
CCG,C>T,42722811
CCG,C>T,11689444
CTA,T>G,37278831
TCC,C>T,34622324
TCC,C>T,22562000
TCC,C>T,46366282
TCC,C>T,46316702
TCC,C>T,27539894
TCC,C>T,12987714
TCC,C>T,35467223
CCG,C>T,37328826
CCG,C>T,29154464
TCG,C>T,37254972
TCG,C>T,27233047
TCG,C>T,8062372
TCG,C>T,7455115
TCG,C>T,14676041
TCG,C>T,1072649
TCG,C>T,22657180
TCG,C>T,46788343
TCG,C>T,2164557
TCG,C>T,5634567
TCG,C>T,43102662
TCG,C>T,41618095
TCG,C>T,18271840
TCG,C>T,39916358
TCG,C>T,52559596
TCG,C>T,51435804
TCG,C>T,49714598
TCG,C>T,11176596
TCG,C>T,43484752
TCG,C>T,16085666
TCG,C>T,40140900
TCG,C>T,19222642
TCA,C>T,51648342
TCA,C>T,17966515
TCA,C>T,27888698
TCA,C>T,8315093
TTG,T>A,8770135
ACT,C>T,52648006
CCC,C>T,22184386
CCC,C>T,49552022
CCC,C>T,52690576
TCT,C>T,45949032
TCT,C>T,45575365
TCT,C>T,44019432
CCC,C>T,20229086
CCT,C>T,33252235
CCT,C>T,38544188
CCT,C>T,22911146
CCT,C>T,15088060
CCT,C>T,17270973
CCT,C>A,42699603
CCT,C>T,37974688
TTA,T>C,24004425
TTG,T>G,8096159
CCG,C>T,36828651
TCA,C>T,48421623
TCA,C>T,30505295
TCA,C>T,48283405
TCA,C>T,40719606
TCA,C>T,4833607
TCA,C>T,9092251
TCA,C>T,18986390
TCA,C>T,28300448
TCA,C>T,41373978
TCA,C>T,5074054
TCA,C>T,11286523
CCT,C>T,33943804
CCT,C>T,12999305
CCT,C>G,22897773
CCT,C>T,2973134
CCT,C>T,31225274
CCT,C>T,40413487
CCT,C>T,1922310
CCG,C>T,47421042
CCC,C>T,30528338
CCC,C>T,2235353
CCC,C>T,31007754
ACT,C>T,3343577
GCT,C>T,50253820
TCA,C>T,14818300
TCA,C>T,28704137
TCA,C>T,6385179
TCA,C>T,46885917
TCA,C>T,29280800
TCA,C>T,42439655
TCA,C>T,3489739
TCA,C>T,9257057
TCA,C>T,41520310
ACC,C>T,13478499
CCA,C>T,49401407
CCA,C>T,31471717
CCA,C>T,16709531
CCA,C>T,51822353
CCG,C>T,46323962
CCG,C>T,28986206
CCG,C>T,52131482
GCT,C>T,50568372
TCC,C>T,32092530
TCC,C>T,10132967
TCC,C>T,9753017
TCC,C>T,39915321
TCC,C>T,45069056
TCC,C>T,19175714
TCC,C>T,26908116
TCC,C>T,22067765
TCC,C>T,41580684
TCC,C>T,19039782
TCC,C>T,49215736
CCG,C>T,27712681
CCG,C>T,40519300
CCC,C>G,52475875
CCC,C>T,8093306
CCC,C>T,45730228
CCT,C>T,4554809
CCT,C>T,30226003
CCT,C>T,21767746
CCT,C>T,5578483
CCT,C>T,4725199
CCT,C>T,1887810
GCT,C>T,18518478
TTA,T>C,39438265
GCC,C>T,32156705
TCG,C>T,27739607
TCG,C>T,4105988
TCG,C>T,42426781
TCG,C>T,31649964
TCG,C>T,44468076
TCG,C>T,50773844
TCG,C>T,27755592
TCG,C>T,49358144
TCG,C>T,14090362
TCG,C>T,14432966
TCG,C>T,6072371
TCG,C>T,25112516
TCG,C>T,21668686
TCG,C>T,48572605
TCG,C>T,8350813
TCG,C>T,24746620
TCG,C>T,48341120
TCG,C>T,13162947
TCG,C>T,41165022
TCG,C>T,22313482
TCG,C>T,9496933
TCG,C>T,25462138
TCG,C>T,52652322
TCG,C>T,52618308
TCG,C>T,30025667
TCG,C>T,17982466
TCG,C>T,391696
TCG,C>T,15808403
TCG,C>T,37985352
TCA,C>T,24630439
TCA,C>T,29826204
TCA,C>T,34762336
TCA,C>T,7064921
TCA,C>T,34564966
ATA,T>A,23768113
ATA,T>A,21486197
CCC,C>T,11302975
TCG,C>T,13850564
TCG,C>T,15313629
CCT,C>T,52017225
TCG,C>T,32071694
TCG,C>T,29440141
TCG,C>T,40735364
TCG,C>T,37381720
TCG,C>T,43741760
TCG,C>T,29611087
TCG,C>T,12297961
TCG,C>T,44974584
TCG,C>T,16889915
TCG,C>T,50039995
TCG,C>T,43540794
TCG,C>T,5707290
TCG,C>T,48739050
TCG,C>T,47380031
TCG,C>T,8204115
TCG,C>T,32139552
TCG,C>T,26336844
TCG,C>T,44851358
TCT,C>T,38466074
TCT,C>T,44867908
TCT,C>T,20054694
TCT,C>T,1058717
TCT,C>T,48629156
TCT,C>T,14983249
TCG,C>T,21850679
TCT,C>T,49390940
TCG,C>T,30942513
TCG,C>T,5716732
TCG,C>T,22504896
TCG,C>T,47555579
TCG,C>T,18209146
TCG,C>T,39167284
TCG,C>T,6268042
TCG,C>T,2096544
TCG,C>T,16503026
TCG,C>T,47807384
TCG,C>T,36937911
TCG,C>T,44339832
TCC,C>T,20539738
GCC,C>T,40263483
GCC,C>T,12413787
GCC,C>T,29451784
CCT,C>T,52039336
CCT,C>T,9543858
ACT,C>T,16665204
ACT,C>T,24087834
TCC,C>T,20732147
TCC,C>T,47290119
TCC,C>T,19303812
TCC,C>T,39250832
TCC,C>T,31612492
ACC,C>T,52263202
ACC,C>T,699776
ACC,C>T,52499876
CCC,C>T,16309567
CCC,C>T,7824765
CCC,C>T,13852021
CCC,C>T,39992338
CCC,C>T,50201444
CCC,C>T,11348263
CCC,C>T,24744808
CCC,C>T,4003880
CCC,C>T,36264967
CCC,C>T,36490307
CCC,C>T,17017379
TTA,T>C,19868433
TTA,T>C,2794014
TCA,C>T,16093526
TCA,C>T,52473501
TCA,C>T,25143991
TCA,C>T,45667772
TCA,C>T,51223054
TCA,C>T,28321451
ACC,C>T,49833188
ACC,C>T,52240700
ACC,C>T,52275095
TCG,C>T,45293409
TCG,C>T,43310537
TCG,C>T,3169451
TCG,C>T,16127776
TCG,C>T,50607044
TCG,C>T,28283804
TCG,C>T,43104624
TCG,C>T,9819546
TCG,C>T,4765405
TCG,C>T,16094000
TCG,C>T,38938638
TCG,C>T,5636791
TCG,C>T,29797989
TCG,C>T,19128747
TCG,C>T,26870514
TCT,C>T,44262493
TCT,C>T,20358865
TCG,C>T,27918665
TCG,C>T,37695587
TCG,C>T,13314214
TCG,C>T,50189086
TCG,C>T,49525156
TCG,C>T,50705413
TCG,C>T,24148500
TCG,C>T,38683971
TCG,C>T,48026849
TCG,C>T,45157688
TCG,C>T,44679014
TCG,C>T,12587714
TCG,C>T,8487215
TCG,C>T,49930538
TCG,C>T,12707673
TCG,C>T,7036537
TCG,C>T,35282773
TCG,C>T,51711900
TCG,C>T,27477436
TCG,C>T,24474876
TCG,C>T,45797412
CCG,C>T,40048229
GTT,T>C,12153172
TCG,C>T,8459592
TCG,C>T,52091854
CCA,C>T,35500805
CCA,C>T,23649785
GTA,T>A,51904142
TCG,C>T,30569545
ACC,C>T,29740388
TCG,C>T,10266801
TCG,C>T,4646086
ATT,T>A,35226468
ATA,T>A,26807725
ACC,C>T,15032144
ACC,C>T,48234861
ACC,C>T,13860616
TCC,C>T,29270952
TCC,C>T,2033290
TCC,C>T,49758002
TCC,C>T,30451374
TCC,C>T,27313502
TCC,C>T,44382158
TCC,C>T,13751151
TCC,C>T,25133463
TCC,C>T,37760551
TCC,C>T,44986180
TCC,C>T,37807816
TCC,C>T,24765038
TCC,C>T,38437539
TCC,C>T,669774
TCC,C>T,8504170
TCC,C>T,34274008
TCC,C>T,50635886
TCC,C>T,48513220
TCC,C>T,41195309
TCC,C>T,47577982
TCC,C>T,35429826
TCC,C>T,38728244
TCC,C>T,36994482
TCC,C>T,9523817
TCC,C>T,20686982
TCC,C>T,14260841
TCC,C>T,23635613
TCC,C>T,12880077
TCC,C>T,22161142
TTA,T>A,20894596
TTA,T>C,14497752
ACC,C>T,1786621
ACC,C>T,24643076
ACC,C>T,24170741
GTC,T>A,14332312
TCG,C>T,8696811
TCG,C>T,37079199
TCG,C>T,47722843
CCG,C>T,771149
CCC,C>T,6673063
CCC,C>T,14841350
ACC,C>T,29998529
ACC,C>T,1027642
CCT,C>T,31412216
CCT,C>T,17499414
CCG,C>T,30325379
CCT,C>T,25885196
CCT,C>T,39435161
CCT,C>T,32117204
CCT,C>T,12014934
CCT,C>T,27630594
CTT,T>C,24651433
CTT,T>C,19354195
CTT,T>A,14923047
TCT,C>T,44885177
TCT,C>T,33698768
TCT,C>T,32318862
TCT,C>T,35672481
TCT,C>T,27322206
TCT,C>T,12943004
TCG,C>T,35572523
TCG,C>T,27363691
TCG,C>T,40810988
TCG,C>T,8460660
TCG,C>T,3476828
TCG,C>T,37243045
TCG,C>T,40025802
TCG,C>T,30103897
TCG,C>T,9595253
TCG,C>T,17720293
TCG,C>T,33966629
TCG,C>T,30126712
TCG,C>T,11775892
TCG,C>T,43952855
TCG,C>T,47665409
TCG,C>T,35754110
TCG,C>T,2399119
TCG,C>T,49061352
TCG,C>T,43650187
TCG,C>T,13379302
TCT,C>T,31430764
TCT,C>T,14457599
CCG,C>T,5840872
ACC,C>T,35146403
TCG,C>T,30662490
TCG,C>T,34232660
TCG,C>T,24425754
TCC,C>T,7879359
TCC,C>T,46726362
TCC,C>T,22944791
TCC,C>T,46747968
TCC,C>T,47674956
TCC,C>T,18343853
TCC,C>T,41161287
TCC,C>T,45292057
TCC,C>T,29059804
TCC,C>T,20825573
TCC,C>T,38157574
TCC,C>T,49822385
TCC,C>T,44297726
TCC,C>T,44534989
TCC,C>T,18003784
TCC,C>T,37463804
TCC,C>T,7881405
TCC,C>T,39976968
TCC,C>T,39649194
TCC,C>T,48773166
TCC,C>T,28180675
TCC,C>T,13637439
TCA,C>T,36700332
TCA,C>T,8804404
TCA,C>T,25818840
TCA,C>T,46372426
TCA,C>T,30684556
TCA,C>T,35291350
TCA,C>T,52084779
TCG,C>T,11822626
TCG,C>T,16743132
TCG,C>T,2412742
TCG,C>T,32986238
TCG,C>T,14151065
TCG,C>T,8015514
TCG,C>T,35309734
TCG,C>T,15173559
TCG,C>T,32217803
TCG,C>T,23367310
TCG,C>T,40934336
TCG,C>T,37988343
TCG,C>T,23681257
TCG,C>T,15822741
TCG,C>T,25040776
TCG,C>T,5233067
TCG,C>T,10184563
TCG,C>T,49164463
TCG,C>T,16605542
TCG,C>T,4598084
TCG,C>T,43424358
TCG,C>T,13813946
TCG,C>T,52014727
TCG,C>T,48335044
TCG,C>T,25548947
CCG,C>T,5951115
CCG,C>T,45433391
TCG,C>T,29787431
TCG,C>T,22024318
TCG,C>T,51462500
TCG,C>T,29038081
TCG,C>T,24292486
TCG,C>T,31519660
TCA,C>T,48962667
TCA,C>T,6982942
TCA,C>T,2174103
TCA,C>T,24751650
TCA,C>T,37500429
TCA,C>T,984368
TCA,C>T,1712663
TCA,C>T,47927274
TCA,C>T,25961207
TCA,C>T,6794448
TCA,C>T,48962580
TCA,C>T,12775493
TCA,C>T,51011655
ACC,C>T,19711878
CCG,C>T,41819844
CCG,C>T,30926407
CCG,C>T,43178870
CCG,C>T,46502941
CCG,C>T,52467462
ACT,C>T,46362174
GCG,C>G,2606651
CCA,C>T,11944464
CCA,C>T,41397114
GCT,C>T,42039912
TCC,C>T,39119232
TCC,C>T,8732554
TCC,C>T,40138033
TCC,C>T,19116949
TCC,C>T,37086896
TCC,C>T,13221467
TCC,C>T,44286108
TCC,C>T,3672120
TCC,C>T,4792563
TCC,C>T,19009858
TCC,C>T,17988686
TCC,C>T,32909109
TCC,C>T,42599252
TCC,C>T,45836469
TCC,C>T,49494893
TCC,C>T,39046733
CCC,C>T,39820804
GCG,C>T,16947698
TCC,C>T,24676232
TCC,C>T,18531107
TCC,C>T,7804779
TCC,C>T,32673756
TCC,C>T,23673940
TCG,C>T,6111818
TCG,C>T,6605222
TCG,C>T,9145467
TCG,C>T,32517037
TCG,C>T,13126440
TCG,C>T,24973056
TCG,C>T,2055314
TCG,C>T,10343868
TCG,C>T,49217962
TCG,C>T,32965105
TCG,C>T,43980641
TCG,C>T,5726959
TCG,C>T,46001859
TCG,C>T,37051031
TCG,C>T,30189329
TCG,C>T,44403039
TCG,C>T,16254400
TCG,C>T,44639994
TCG,C>T,47226769
TCG,C>T,8005282
TCG,C>T,49042430
TCG,C>T,25605767
TCG,C>T,49364206
TCG,C>T,49625711
TCG,C>T,8970614
TCG,C>T,29892886
TCG,C>T,50331407
TCG,C>T,26641987
CCG,C>T,27522015
CCG,C>T,7614200
TTC,T>C,5649205
TCT,C>T,20921566
TCT,C>T,24786936
TCG,C>T,10306783
TCG,C>T,13211191
TCG,C>T,38615313
TCG,C>T,30258040
CCG,C>T,26027477
CCG,C>T,45357131
CCG,C>T,32902006
CCG,C>T,39667088
CCG,C>T,8537417
TCC,C>T,50595590
TCC,C>T,11628801
TCC,C>T,40782559
TCC,C>T,39070936
TCC,C>T,39643934
TCC,C>T,1690223
TCC,C>T,30088138
CCG,C>T,32368588
CCG,C>T,52015615
CCG,C>G,12806893
GCT,C>T,26602130
GCT,C>T,5502492
GTT,T>C,31251632
TCG,C>T,10167612
TCG,C>T,35308076
TCG,C>T,14969300
TCG,C>T,18104985
TCG,C>T,28181058
TCG,C>T,1821379
TCG,C>T,14465085
TCG,C>T,8509114
TCG,C>T,1165449
TCG,C>T,33112532
TCG,C>T,43882642
TCG,C>T,14724553
TCG,C>T,12639294
TCG,C>T,15156740
TCG,C>T,37210634
TCG,C>T,52688193
TCG,C>T,31300271
ACC,C>T,23592638
ACC,C>T,29607257
ACC,C>T,7515265
CCC,C>T,40100816
CCC,C>T,39249355
CCC,C>T,15505099
CCC,C>T,42574484
CTC,T>G,18368553
TCC,C>T,43629148
CCG,C>T,49371201
CCG,C>T,2003553
CCG,C>T,33002751
CCT,C>T,49247816
CCT,C>T,52155880
GCG,C>G,26219758
TCG,C>T,31323465
ACC,C>T,28173013
ACC,C>T,288621
ACC,C>T,7505160
ACC,C>T,13327012
CCG,C>G,8039847
CCG,C>T,42617904
CCG,C>T,23428037
CCG,C>T,27618245
